{
  "themeModelDataItems": [
    {
      "MissionExhibitName": "07",
      "IsMissionExhibitComplete": true,
      "MissionExhibitInitTime": "2023-11-03T13:58:49.76183+08:00",
      "MissionExhibitEndTime": "2023-11-03T14:00:57.487296+08:00"
    },
    {
      "MissionExhibitName": "44",
      "IsMissionExhibitComplete": true,
      "MissionExhibitInitTime": "0001-01-01T00:00:00",
      "MissionExhibitEndTime": "2023-11-03T14:09:54.237265+08:00"
    },
    {
      "MissionExhibitName": "16",
      "IsMissionExhibitComplete": true,
      "MissionExhibitInitTime": "0001-01-01T00:00:00",
      "MissionExhibitEndTime": "2023-11-03T14:07:08.293998+08:00"
    },
    {
      "MissionExhibitName": "58",
      "IsMissionExhibitComplete": true,
      "MissionExhibitInitTime": "2023-11-03T14:11:57.540571+08:00",
      "MissionExhibitEndTime": "2023-11-03T14:14:34.178168+08:00"
    },
    {
      "MissionExhibitName": "03",
      "IsMissionExhibitComplete": true,
      "MissionExhibitInitTime": "2023-11-03T14:00:38.252685+08:00",
      "MissionExhibitEndTime": "2023-11-03T14:01:31.323091+08:00"
    }
  ]
}